<?xml version="1.0" encoding="windows-1252"?>
<Collection name="News Storys" guid="{B13A5405-5115-468D-ACEF-2B6AA7842CAD}" system="No" updatable="Yes" blockNavigatorNode="No">
	<HelpLink></HelpLink>
	<Help></Help>
	<Addon name="Latest News" guid="{BEA87ADA-4AEE-453B-82C5-AEFD8B0D52AD}" type="Add-on">
		<Copy></Copy>
		<CopyText></CopyText>
		<ActiveXProgramID></ActiveXProgramID>
		<DotNetClass><![CDATA[Contensive.Addons.NewsStorys.latestNews]]></DotNetClass>
		<ArgumentList></ArgumentList>
		<AsAjax>No</AsAjax>
		<Filter>No</Filter>
		<Help></Help>
		<HelpLink></HelpLink>
		<Icon Link="" width="0" height="0" sprites="0" />
		<InIframe>No</InIframe>
		<BlockEditTools>No</BlockEditTools>
		<FormXML></FormXML>
		<IsInline>No</IsInline>
		<JavascriptOnLoad></JavascriptOnLoad>
		<JavascriptInHead></JavascriptInHead>
		<JavascriptBodyEnd></JavascriptBodyEnd>
		<MetaDescription></MetaDescription>
		<OtherHeadTags></OtherHeadTags>
		<Content>Yes</Content>
		<Template>Yes</Template>
		<Email>No</Email>
		<Admin>No</Admin>
		<OnPageEndEvent>No</OnPageEndEvent>
		<OnPageStartEvent>No</OnPageStartEvent>
		<OnBodyStart>No</OnBodyStart>
		<OnBodyEnd>No</OnBodyEnd>
		<RemoteMethod>No</RemoteMethod>
		<ProcessRunOnce>No</ProcessRunOnce>
		<ProcessInterval>0</ProcessInterval>
		<PageTitle></PageTitle>
		<RemoteAssetLink></RemoteAssetLink>
		<Styles></Styles>
		<Scripting Language="" EntryPoint="" Timeout="5000"/>
	</Addon>
	<Addon name="News List" guid="{6CDCA136-6BBB-4268-ACB3-1D9D79854CB6}" type="Add-on">
		<Copy></Copy>
		<CopyText><![CDATA[<h2>Latest News</h2>
                    <ul class="latestNewsUL">
                        <li>
                            <div id="ndate" class="news-date">May 29, 2015</div>
                            <a id="ltag" href="#">AAU/APLU/COGR Joint Letter to APHIS</a>
                        </li>
                        <li>
                            <div class="news-date">May 26, 2015</div>
                            <a href="#">COGR has published its May 2015 Update</a>
                        </li>
                        <li>
                            <div class="news-date">May 12, 2015</div>
                            <a href="#">Joint Letter from COGR/AAU to NIST</a>
                        </li>
                        <li>
                            <div class="news-date">May 8, 2015</div>
                            <a href="#">June 2015 COGR Meeting Agenda</a>
                        </li>
                        <li>
                            <div class="news-date">May 7, 2015</div>
                            <a href="#">Letter to OHRP on Draft Guidance on the Use of Electronic Informed Consent in Clinical Investigations</a>
                        </li>
                    </ul>]]></CopyText>
		<ActiveXProgramID></ActiveXProgramID>
		<DotNetClass><![CDATA[Contensive.Addons.COGR.COGRNews ]]></DotNetClass>
		<ArgumentList></ArgumentList>
		<AsAjax>No</AsAjax>
		<Filter>No</Filter>
		<Help></Help>
		<HelpLink></HelpLink>
		<Icon Link="" width="0" height="0" sprites="0" />
		<InIframe>No</InIframe>
		<BlockEditTools>No</BlockEditTools>
		<FormXML></FormXML>
		<IncludeAddon name="JQuery" guid="{9C882078-0DAC-48E3-AD4B-CF2AA230DF80}"/>
		<IncludeAddon name="JQuery UI" guid="{840B9AEF-9470-4599-BD47-7EC0C9298614}"/>
		<IsInline>No</IsInline>
		<JavascriptOnLoad></JavascriptOnLoad>
		<JavascriptInHead><![CDATA[$(document).ready(function(){
    $('.boxTitle').corner('Top','5px');
    $('.boxFooter').corner('bottom','5px');
});]]></JavascriptInHead>
		<JavascriptBodyEnd></JavascriptBodyEnd>
		<MetaDescription></MetaDescription>
		<OtherHeadTags></OtherHeadTags>
		<Content>Yes</Content>
		<Template>No</Template>
		<Email>No</Email>
		<Admin>No</Admin>
		<OnPageEndEvent>No</OnPageEndEvent>
		<OnPageStartEvent>No</OnPageStartEvent>
		<OnBodyStart>No</OnBodyStart>
		<OnBodyEnd>No</OnBodyEnd>
		<RemoteMethod>No</RemoteMethod>
		<ProcessRunOnce>No</ProcessRunOnce>
		<ProcessInterval>0</ProcessInterval>
		<PageTitle></PageTitle>
		<RemoteAssetLink></RemoteAssetLink>
		<Styles><![CDATA[
/* Client-specific Styles */
         #outlook a {padding:0;} /* Force Outlook to provide a "view in browser" menu link. */
         body{width:100% !important; -webkit-text-size-adjust:100%; -ms-text-size-adjust:100%; margin:0; padding:0;}
         /* Prevent Webkit and Windows Mobile platforms from changing default font sizes, while not breaking desktop design. */
         .ExternalClass {width:100%;} /* Force Hotmail to display emails at full width */
         .ExternalClass, .ExternalClass p, .ExternalClass span, .ExternalClass font, .ExternalClass td, .ExternalClass div {line-height: 100%;} /* Force Hotmail to display normal line spacing.  */
         #backgroundTable {margin:0; padding:0; width:100% !important; line-height: 100% !important;}
         img {outline:none; text-decoration:none;border:none; -ms-interpolation-mode: bicubic;}
         a img {border:none;}
         .image_fix {display:block;}
         p {margin: 0px 0px !important;}
         table td {border-collapse: collapse;}
         table { border-collapse:collapse; mso-table-lspace:0pt; mso-table-rspace:0pt; }
         a {color: #2790da;text-decoration: none;text-decoration:none!important;}
         /*STYLES*/
         table[class=full] { width: 100%; clear: both; }
         /*IPAD STYLES*/
         @media only screen and (max-width: 640px) {
         a[href^="tel"], a[href^="sms"] {
         text-decoration: none;
         color: #2790da; /* or whatever your want */
         pointer-events: none;
         cursor: default;
         }
         .mobile_link a[href^="tel"], .mobile_link a[href^="sms"] {
         text-decoration: default;
         color: #2790da !important;
         pointer-events: auto;
         cursor: default;
         }
         table[class=devicewidth] {width: 440px!important;text-align:center!important;}
         td[class=devicewidth] {width: 440px!important;text-align:center!important;}
         img[class=devicewidth] {width: 440px!important;text-align:center!important;}
         img[class=banner] {width: 440px!important;height:147px!important;}
         table[class=devicewidthinner] {width: 420px!important;text-align:center!important;}
         table[class=icontext] {width: 345px!important;text-align:center!important;}
         img[class="colimg2"] {width:420px!important;height:243px!important;}
         table[class="emhide"]{display: none!important;}
         img[class="logo"]{width:440px!important;height:110px!important;}
         
         }
         /*IPHONE STYLES*/
         @media only screen and (max-width: 480px) {
         a[href^="tel"], a[href^="sms"] {
         text-decoration: none;
         color: #2790da; /* or whatever your want */
         pointer-events: none;
         cursor: default;
         }
         .mobile_link a[href^="tel"], .mobile_link a[href^="sms"] {
         text-decoration: default;
         color: #2790da !important; 
         pointer-events: auto;
         cursor: default;
         }
         table[class=devicewidth] {width: 280px!important;text-align:center!important;}
         td[class=devicewidth] {width: 280px!important;text-align:center!important;}
         img[class=devicewidth] {width: 280px!important;text-align:center!important;}
         img[class=banner] {width: 280px!important;height:93px!important;}
         table[class=devicewidthinner] {width: 260px!important;text-align:center!important;}
         table[class=icontext] {width: 186px!important;text-align:center!important;}
         img[class="colimg2"] {width:260px!important;height:150px!important;}
         table[class="emhide"]{display: none!important;}
         img[class="logo"]{width:280px!important;height:70px!important;}
        
         }
#newslist {
width:300px;
}
#newslist {
width:300px;
}]]></Styles>
		<Scripting Language="" EntryPoint="" Timeout="5000"/>
	</Addon>
	<Addon name="News Story List add-on" guid="{68D0A8AA-9D4A-4DBB-BAFB-A2FF1125B6ED}" type="Add-on">
		<Copy></Copy>
		<CopyText></CopyText>
		<ActiveXProgramID></ActiveXProgramID>
		<DotNetClass><![CDATA[Contensive.Addons.newsStorys.newsStoryClass]]></DotNetClass>
		<ArgumentList></ArgumentList>
		<AsAjax>No</AsAjax>
		<Filter>No</Filter>
		<Help></Help>
		<HelpLink></HelpLink>
		<Icon Link="" width="0" height="0" sprites="0" />
		<InIframe>No</InIframe>
		<BlockEditTools>No</BlockEditTools>
		<FormXML></FormXML>
		<IsInline>No</IsInline>
		<JavascriptOnLoad></JavascriptOnLoad>
		<JavascriptInHead></JavascriptInHead>
		<JavascriptBodyEnd></JavascriptBodyEnd>
		<MetaDescription></MetaDescription>
		<OtherHeadTags></OtherHeadTags>
		<Content>Yes</Content>
		<Template>Yes</Template>
		<Email>No</Email>
		<Admin>No</Admin>
		<OnPageEndEvent>No</OnPageEndEvent>
		<OnPageStartEvent>No</OnPageStartEvent>
		<OnBodyStart>No</OnBodyStart>
		<OnBodyEnd>No</OnBodyEnd>
		<RemoteMethod>No</RemoteMethod>
		<ProcessRunOnce>No</ProcessRunOnce>
		<ProcessInterval>0</ProcessInterval>
		<PageTitle></PageTitle>
		<RemoteAssetLink></RemoteAssetLink>
		<Styles><![CDATA[
.articleText {
text-align: left;
}]]></Styles>
		<Scripting Language="" EntryPoint="" Timeout="5000"/>
	</Addon>
	<data>
		<record content="layouts" guid="{0063FB2F-E612-4FAE-9C39-A4963BF7A674}" name="News Story List">
			<field name="ACTIVE">True</field>
			<field name="SORTORDER"></field>
			<field name="Layout"><![CDATA[<div class="newsFeedBox">
	<!-- one article -->
	<div class="newsArticle">
		<div class="oneArticle">
			<div class="articleImg"><a href="#" id="cssThumImg"><img src="img/320x240.jpg" alt="" /></a></div>
				<div class="articleText">
				<h2><a href="#" id="cssTitle">The AATB's Statement About Season 19 of ABC's The Bachelor</a></h2>
				<p id="cssText">Last night, ABC's "The Bachelor" premier featured a contestant who triggered discussion on social media and interest in organ, eye and tissue donation. While this contestant is not an employee of an AATB-accredited bank, the AATB would lik to clarify a few facts about tissue donation.</p>
				<div id="articleURL" ><a href="#"></a></div>
<div id="articleRet" style="display:none;"><a href="#"></a></div>
			</div>
		</div>
		<div class="separator">&nbsp;</div>
	</div>
	<!-- end one article -->
</div>
]]></field>
			<field name="StylesFilename"></field>
		</record>
	</data>
	<CDef Name="Story List" Active="1" AdminOnly="0" AllowAdd="1" AllowCalendarEvents="0" AllowContentChildTool="0" AllowContentTracking="0" AllowDelete="1" AllowMetaContent="0" AllowTopicRules="0" AllowWorkflowAuthoring="0" AuthoringDataSourceName="Default" AuthoringTableName="storylist" ContentDataSourceName="Default" ContentTableName="storylist" DefaultSortMethod="By Name" DeveloperOnly="0" DropDownFieldList="Name" EditorGroupName="" Parent="" IconLink="" IconHeight="0" IconWidth="0" IconSprites="0" isbasecontent="0" guid="{54CB4B51-D245-4679-8E62-930B037E1891}" >
		<Field Name="Name" active="True" AdminOnly="False" Authorable="True" Caption="Header" DeveloperOnly="False" EditSortPriority="110" FieldType="Text" HTMLContent="False" IndexColumn="0" IndexSortDirection="" IndexSortOrder="0" IndexWidth="0" RedirectID="0" RedirectPath="" Required="False" TextBuffered="False" UniqueName="False" DefaultValue="" RSSTitle="False" RSSDescription="False" MemberSelectGroupID="0" EditTab="" Scramble="False" LookupList="" NotEditable="False" Password="False" ReadOnly="False" ManyToManyRulePrimaryField="" ManyToManyRuleSecondaryField="" IsModified="False" IsBaseField="False" LookupContent="" RedirectContent="" ManyToManyContent="" ManyToManyRuleContent="" editorAddonId="" ></Field>
		<Field Name="Active" active="True" AdminOnly="False" Authorable="True" Caption="Active" DeveloperOnly="False" EditSortPriority="9999" FieldType="Boolean" HTMLContent="False" IndexColumn="0" IndexSortDirection="" IndexSortOrder="0" IndexWidth="0" RedirectID="0" RedirectPath="" Required="False" TextBuffered="False" UniqueName="False" DefaultValue="1" RSSTitle="False" RSSDescription="False" MemberSelectGroupID="0" EditTab="" Scramble="False" LookupList="" NotEditable="False" Password="False" ReadOnly="False" ManyToManyRulePrimaryField="" ManyToManyRuleSecondaryField="" IsModified="False" IsBaseField="False" LookupContent="" RedirectContent="" ManyToManyContent="" ManyToManyRuleContent="" editorAddonId="" ></Field>
		<Field Name="SortOrder" active="True" AdminOnly="False" Authorable="False" Caption="Alpha Sort Order" DeveloperOnly="False" EditSortPriority="2000" FieldType="Text" HTMLContent="False" IndexColumn="0" IndexSortDirection="" IndexSortOrder="0" IndexWidth="0" RedirectID="0" RedirectPath="" Required="False" TextBuffered="False" UniqueName="False" DefaultValue="" RSSTitle="False" RSSDescription="False" MemberSelectGroupID="0" EditTab="" Scramble="False" LookupList="" NotEditable="False" Password="False" ReadOnly="False" ManyToManyRulePrimaryField="" ManyToManyRuleSecondaryField="" IsModified="False" IsBaseField="False" LookupContent="" RedirectContent="" ManyToManyContent="" ManyToManyRuleContent="" editorAddonId="" ></Field>
		<Field Name="brief" active="True" AdminOnly="False" Authorable="True" Caption="Story Brief" DeveloperOnly="False" EditSortPriority="120" FieldType="LongText" HTMLContent="False" IndexColumn="0" IndexSortDirection="" IndexSortOrder="0" IndexWidth="" RedirectID="" RedirectPath="" Required="False" TextBuffered="False" UniqueName="False" DefaultValue="" RSSTitle="False" RSSDescription="False" MemberSelectGroupID="0" EditTab="" Scramble="False" LookupList="" NotEditable="False" Password="False" ReadOnly="False" ManyToManyRulePrimaryField="" ManyToManyRuleSecondaryField="" IsModified="False" IsBaseField="False" LookupContent="" RedirectContent="" ManyToManyContent="" ManyToManyRuleContent="" editorAddonId="" >
			<HelpDefault>Brief Recap Of the story</HelpDefault>
		</Field>
		<Field Name="link" active="True" AdminOnly="False" Authorable="True" Caption="Story Link" DeveloperOnly="False" EditSortPriority="130" FieldType="Link" HTMLContent="False" IndexColumn="0" IndexSortDirection="" IndexSortOrder="0" IndexWidth="" RedirectID="" RedirectPath="" Required="False" TextBuffered="False" UniqueName="False" DefaultValue="" RSSTitle="False" RSSDescription="False" MemberSelectGroupID="0" EditTab="" Scramble="False" LookupList="" NotEditable="False" Password="False" ReadOnly="False" ManyToManyRulePrimaryField="" ManyToManyRuleSecondaryField="" IsModified="False" IsBaseField="False" LookupContent="" RedirectContent="" ManyToManyContent="" ManyToManyRuleContent="" editorAddonId="" >
			<HelpDefault>Add the URL to the Story</HelpDefault>
		</Field>
		<Field Name="header" active="True" AdminOnly="False" Authorable="False" Caption="Header" DeveloperOnly="False" EditSortPriority="150" FieldType="Text" HTMLContent="False" IndexColumn="0" IndexSortDirection="" IndexSortOrder="0" IndexWidth="" RedirectID="" RedirectPath="" Required="False" TextBuffered="False" UniqueName="False" DefaultValue="" RSSTitle="False" RSSDescription="False" MemberSelectGroupID="0" EditTab="" Scramble="False" LookupList="" NotEditable="False" Password="False" ReadOnly="False" ManyToManyRulePrimaryField="" ManyToManyRuleSecondaryField="" IsModified="False" IsBaseField="False" LookupContent="" RedirectContent="" ManyToManyContent="" ManyToManyRuleContent="" editorAddonId="" ></Field>
		<Field Name="imageFilename" active="True" AdminOnly="False" Authorable="True" Caption="Image" DeveloperOnly="False" EditSortPriority="140" FieldType="Image" HTMLContent="False" IndexColumn="0" IndexSortDirection="" IndexSortOrder="0" IndexWidth="" RedirectID="" RedirectPath="" Required="False" TextBuffered="False" UniqueName="False" DefaultValue="" RSSTitle="False" RSSDescription="False" MemberSelectGroupID="0" EditTab="" Scramble="False" LookupList="" NotEditable="False" Password="False" ReadOnly="False" ManyToManyRulePrimaryField="" ManyToManyRuleSecondaryField="" IsModified="False" IsBaseField="False" LookupContent="" RedirectContent="" ManyToManyContent="" ManyToManyRuleContent="" editorAddonId="" >
			<HelpDefault>Include an Image</HelpDefault>
		</Field>
		<Field Name="storydate" active="True" AdminOnly="False" Authorable="True" Caption="Story Date" DeveloperOnly="False" EditSortPriority="160" FieldType="Date" HTMLContent="False" IndexColumn="" IndexSortDirection="" IndexSortOrder="" IndexWidth="" RedirectID="" RedirectPath="" Required="False" TextBuffered="False" UniqueName="False" DefaultValue="" RSSTitle="False" RSSDescription="False" MemberSelectGroupID="" EditTab="" Scramble="False" LookupList="" NotEditable="False" Password="False" ReadOnly="False" ManyToManyRulePrimaryField="" ManyToManyRuleSecondaryField="" IsModified="True" IsBaseField="False" LookupContent="" RedirectContent="" ManyToManyContent="" ManyToManyRuleContent="" editorAddonId="" >
			<HelpDefault>Date of the story</HelpDefault>
		</Field>
		<Field Name="download" active="True" AdminOnly="False" Authorable="True" Caption="Story Download" DeveloperOnly="False" EditSortPriority="150" FieldType="File" HTMLContent="False" IndexColumn="" IndexSortDirection="" IndexSortOrder="" IndexWidth="" RedirectID="" RedirectPath="" Required="False" TextBuffered="False" UniqueName="False" DefaultValue="" RSSTitle="False" RSSDescription="False" MemberSelectGroupID="" EditTab="" Scramble="False" LookupList="" NotEditable="False" Password="False" ReadOnly="False" ManyToManyRulePrimaryField="" ManyToManyRuleSecondaryField="" IsModified="True" IsBaseField="False" LookupContent="" RedirectContent="" ManyToManyContent="" ManyToManyRuleContent="" editorAddonId="" >
			<HelpDefault>Allows the user to download a pdf or other similar file</HelpDefault>
		</Field>
		<Field Name="story" active="True" AdminOnly="False" Authorable="True" Caption="Full Story" DeveloperOnly="False" EditSortPriority="170" FieldType="LongText" HTMLContent="False" IndexColumn="" IndexSortDirection="" IndexSortOrder="" IndexWidth="" RedirectID="" RedirectPath="" Required="False" TextBuffered="False" UniqueName="False" DefaultValue="" RSSTitle="False" RSSDescription="False" MemberSelectGroupID="" EditTab="" Scramble="False" LookupList="" NotEditable="False" Password="False" ReadOnly="False" ManyToManyRulePrimaryField="" ManyToManyRuleSecondaryField="" IsModified="True" IsBaseField="False" LookupContent="" RedirectContent="" ManyToManyContent="" ManyToManyRuleContent="" editorAddonId="" >
			<HelpDefault>The full story article can be placed here</HelpDefault>
		</Field>
	</CDef>
	<Resource name="newsstorys.dll" type="executable" path="" />
</Collection>